,features_string_format
1520,taas dalawang kamay
2494,lutang maka move
2143,b0b0
2595,natakot dilawan
964,congrats bam good job
2739,wla finish ganyan mangyayari
2093,hay nku bias nnmn
2318,lezgo bam sakanal
1171,nka bus nka abang kanto sasakyan
1512,pta officers
2082,hinde nagtatanong ngungotya binibigyan nangmasamang kahuligan totoo
2177,pic tpos post
231,thank supporting mpl thank pinatalo leni
2045,presidente planeta
1137,anong convicted
477,ganda lalaki
68,tama lods
2948,naniniwla naniniwla jan anu
1803,nimal
2965,never
194,pbbm solid
1120,kabbm sara please follow mas pang videos uniteam
741,tumpak
242,correct !!!
1753,talidong
459,additional info senator bam pinakadahilan wala tayong binabayaran tuition college sana maka nood mpl live huhu
2795,yes ibang .... bodol
968,tama lods
345,dhil ngang great macoy kya dhil pmarcos nman gagawa ngyung mging great pilipinas
1175,photography
1218,enexplain mas nia bus nakakatulog wala personal driver naga nagdadrive kotse
1071,pakitang tao masabi nararamdman laylayan pabalik balik ibang banza pilipinas bus manguto
1045,tas sama andrea
2241,aabot
2228,natawa dun reason kayo natalo realtalk binoto
891,dhil ngang great macoy kya dhil pmarcos nman gagawa ngyung mging great pilipinas
270,pogi magmura
2067,imburnal
903,bbm sarah solid
2097,aquino
504,wow bagets datingan
1023,mapabagsak pinas
2759,funny
892,forever pink
2839,sanay mgbuss 12hr ngrereklamo sko pera plain nsko leny pskitang tao ysn
623,solid marcos loyalist prin kmi
582,tama kau
1230,hahahahahhahaha shuta
2813,drama queen
256,man dilawan appreciate apperance like suportado esport specially
1867,project jusko
2092,papansini nman
228,ganda kanta bagay bagay
1788,bka nbibigla puede kpa umatras isip
2548,deserve pumatay 51k katao binulag niloko ideolohiya deserves fart salutes
2694,sayang
2812,inodoro ikinabagsak
1106,true piro abusado ipataw judgement
2919,anuano pinapalabas wala magagawa hindi mapapabagsak pamilyang marcos
750,support bbm
55,senador patuloy sana tulong supporta gaming
2712,sayang magagamit next election
452,magandan xmas gift
2946,natakot dilawan
1549,plant seed twag lods nxt halalan
2444,kilala yang lutang nayan lods
258,maka man hanga tlaga support niyo esports bam
398,matalino nakaka intindi sara tao deserve 2nd chance perfect tao
2731,mar hind marunong humawak nang martilyo
1492,rank niyo bam
2356,cge subukan nyong ipain tao hindi kakilala kang ina itinuring tapos ipapahamak anak
2069,negative campaign nangyari
564,since day esports advocate bam
1786,tatakbo next election supporta kabataan gamer madami voters next election
584,tama pgsisisi
1063,patay poba haka haka prob poba patay tlaga
1126,answer pesos love takoyaki much
1638,sagot pesos naway manalo pambili maintenance
479,senador patuloy sana tulong supporta gaming
275,true
1971,plano
1977,one 31m afford tickets sorry mahilig filipino movies
32,nanalo bbm kaloob diyos mabuti syang puso totoo hindi mapag imbabaw
1907,bam
806,advocate bam esports important propagation esports scenes
711,jan napa follow
189,senator supported esports since dota2 days
2544,commute nmn body guard ksma bus mas malaki gastos convoy payan
264,tama pgsisisi
2157,mabuti natauhan kayo hindi naku buhay tau aalipin komunista
123,bam aquino author free tuition state university
278,dyusko gwapo bam aquino
178,tama idol pang laylayan
2233,nakawan usapan marcos pambansang magnanakaw pamilya boboem hwag ikahila kasaysayan pinas
2811,simpatya malapit eleksyon alam
2884,sayang napunuod blck tnc
1701,reanactment video
2637,ayy corrupt npa
1176,tama dyan
2843,npa pumqpatay dati
1125,simple talagang bys sana nang nagpost nakasakayan man sana meron nakavideo nakasabayan
1124,wow mark sikat iingit keep safe always
388,tama mpabyaan aaral
497,sus ngsyun sana bbm sara malakas
1972,kyang gawin
1440,nagbabago apo bam aquino hindi sitwasyon smooth know also phils facing crisis
2303,mixing half truths paid liesm ganyang gaya fox news
2537,shet
1194,bro tama funny baman tlga respect tama bag comment dto sna dmo pinakita muka ksi pinag
596,ipinapakita safe magtravel pinas prrd pbbm
177,yehe sapagkat bbm nakatadhana
2245,lutang gets
2682,lenlen suporters pkitang tao nanay nio pinas nagbabus ibang bansa sariling sasakyan hnd bulag noh suswla mauto
1741,waiting magpunta mark tuan mapagkamalan mark villar tahimik rin yun
1706,paalala standing kaso wala kayo napatunayan
1911,actual video nng bnaril ninoy bat sbi libro sniper
1699,makating bulsa
528,ninoy hero true filipino love country much sacrificed life like rizal martyrdom
2085,magaaya nanaman yun magrally
2493,tawag paawa effect
1330,nalang sinisi pangulo hay nako
1051,itigil dalawang aquino pangulo ayaw paimbestigahan pamilya aquino kamaganak nagpapatay
2882,pahingi away showing staring lenlen
2545,sorry
355,liwanag dilim
800,thank aquino
1193,toilet
1711,wag
971,nice cosplay
2497,wla kakmpi bam death lhat lalo manalo
982,jan napa follow
2980,bida bida tlaga tong len len paawa effect
1458,tagal cory pwesto hindi pinaimbistigahan tsaka parang tape
2136,patay pla
1625,congresswoman atty leni sumasakay bus tagal nyan
768,korek kuya mark nagtataka gingawa nakaupo dami kontra kaloka wala silang magawa puro kontra hays
2958,ayaw aquino idea bam gamitin hehehe bkit
2342,kababayan gagamitin dilawanang pagkamatay aquino sana matuto pilipino
2326,prank tenisting nilackung effective paba
2533,mapagpanggap hinayupak
15,thank supporting mlbb teams bam
2076,crocs
268,mas mas magaling hihintay 2022 dun nalang pipili
2046,kinginang marimar halatang photo ops sana inayos man hand placement martilyo
976,way alam story
1438,300 negosyo
2440,patay jan tuwad daan kabarilan boss
2727,alter unibers niang
2263,kinginang marimar halatang photo ops sana inayos man hand placement martilyo
2249,gagawing talk show game show pinas
1059,build build build
184,tama idol
647,bbmsolid
1633,manood ulit omega blacklist yun mainit pati crowd
1819,oobra drama bam
2184,jowk hajaja
1780,word day walastik
2794,drama arte
569,bbm solid
2715,npa pumqpatay dati
1645,kumita tubo kaso olats
1617,boss anung gawin hnd makakapwwsto mataas katungkulan ....
2006,propaganda ulit wah epec
1366,nakaka umay
1686,hello mark
2570,nko halatang sanay ganyang trabaho kumita nayan
933,yes ipagbunye
1898,quadruplets
2473,maganda sibuyas piraso yong pangarap bbm natupad nsa sibuyas
2101,juice coh
1371,nood kayo international singapore
2507,lutang mana nanay lenlen nia ....
1411,edi bus paibang bansa unlimited langoy
2529,pagnanalo yarn upo tas pasaraps buhay think twice sayang effort du30 administration
2991,still
1662,owhs
1159,rank bam
1181,matanda enrile nauna
1739,leni kiko tayong
1871,answer gadon
1606,woho legit
2175,goodluck nalang
2402,buti maniwala inyo dnila nkita ugali
2561,ngparinig nman malapit election
708,toni gonzaha wla siniraan toni
1752,sandali pagout magreact ready love
1850,300 keys boncait recto
1454,pinkawan
326,masyang masaya
1649,batas natorture diba binago constitution diba kayo nakaupo palasyo hay nako
293,bam dont like time comes support youve esport community impressed !!!
846,hello idol
1141,team bam
331,natin patawarin ibang lahi kababayan natin long live inday sara
2956,garter kukunin groom hita bride sibuyas sana meron
888,thank supporting mlbb scene
712,bbm sarah solid
1082,pdaf legal
1255,kuya rence wala reaction vid mood sampler girls generation
2742,ahm .... plastic
1456,yes nakataas kamay
197,forever pink
1420,asan shirt
2414,sht
397,dhil ngang great macoy kya dhil pmarcos nman gagawa ngyung mging great pilipinas
853,great president philippines
136,masyadong visible matutuwid
1586,nku movie yun politiko cla bnoto kiko
2875,akong nanalo lotto buti nalang tegi bangbang makukuha reward impyerno
2697,gawain taong mapagpanggap
2886,sakaling omobra ulit dating drama
642,salamat
1766,answer canned goods
557,well said
450,yey !!!
679,fyi tumulong tnc dota players kuku armel gabbi tims maka punta ti9
2677,diretcho inidoro bbm solid kmi
1080,mission imposible
672,pinklawan idol 31m umasa support pbbm aspect great country
1275,meron tlaga negatron
1827,alam lods
2080,halatang gawain hunyango
94,basta bbm rin magbabago
1480,korik
2352,lutang nmn lenlen
2763,imburnal
1369,cge inday sarah ewan
607,angas
707,madaya apektado kabuhayan pilipino
1020,sakit pnoy dont tell kasalanan du30 masisi tlga
611,tama lodz
2753,dilawang plastic
2610,kinarma pumangatlo hukay
1019,ser
1331,malapit election kagawad manalo lenlen
572,hindi kaylan tsaka matalino tao andali paalisin pwesto papalpak sure gugustuhin pbbm fail
339,dyan susuportahan kita
2530,pang yayari nyan puro marcos sisi hoy gicing tao babawe kme apo lakay solid bbm
2173,basura
1828,maniwala jan pati anak nia kasama nia bus
829,salamat tigil ninyong pagsubaybay maam leni anak
188,miss kita kuya
2350,plang marites nka ban langit empyerno
839,thank support ing community god bless
568,nice piece legislation nakikinabang hindi batas wlang pkinabang madla pagpalit pangalan naia
1424,taga camsur dai kayan nauto
2996,hindi sinagot tanongsabi sasagutin tanong
2535,pakitang tao yarn pang documentation
890,jusko bam nasa timing nasa bear market global market naka discount
1922,pinklawan panay inom cool aid
999,tama lodz
392,mabuhay bam !!!!
1774,sinama pati paa
1358,yes people est infra thru jobs gain income family
1430,hes dead next renato casino leni ....
1095,forst
2827,ood umaga mark
1429,alam mass offering churches ..... yun alam nameng assembly
225,bam kaisa senador sumusuporta esports dota2 days naka support
139,supporter
2205,bitter pati mmff dindamay tagal tagal mmff tradition nuon jusko dinamay politika wala nman ganyan dati
992,sana bigger venue finals took minds stress lalo ksagsagan pandemic
643,sinama pulitika showbizpasalamat mas marming bbm supporters nanood movie number movie
758,president maam leni love poh ingat palage god bless
298,galing tunay followers esports followers thanks bam
2158,buhay payang dami uto sana konin demonyo kase tao
2747,ayy corrupt npa
1591,congressional rep bubus jess robredo friday night bubus uwi naga maneho hrs
2150,timawa yang pinklawan
2361,nxt drama mark bike galing bicol manila pautot mamao panis
2311,tadtarin bala double dead
1110,alcohol cologne quickpanalowithbam gonegosyo quickpanalowithgonegosyo
1213,boss nakakatawa
648,fan political journey thank supporting community
1069,tanong bat gigil gigil kyo knya magbus man habal habal pake
211,godbless philippines
359,correct !!!
2454,aquino president ayaw pabuksan kasinungalingan ipamalita danding nagpapatay ninoy
1387,boss npa permanent address
1570,man kayo bamaquino
2095,alam kng anu dilawan pink pangampanya laang
852,diba nanalo prrd maygkaka martial law ulit nagkaron marawi kaguluhan tumagal matagumpay afp
1665,pabuhat lods bam tank user
1484,lods naka convoy sasakyan camera
453,congrats bam good job
865,bam pupush esports salute sayo
1877,matanggap ilang dekada taung napaikot ganyan
1300,speech
2531,dont worry lods abo noynoy hasik lagim
1550,senator rank
801,dyusko gwapo bam aquino
1539,ind tapos
1640,maniwala kayo bbm maliwanag sikat araw kaso
2324,konek netong aquino esports
1620,tama effect
871,one month celebrate
2458,great pretenders
1842,hayaan nalang leni bkit pinupuna
2302,akong nanalo lotto buti nalang tegi bangbang makukuha reward impyerno
2973,yong ibang vlogger confirmed pension post agad kya natural react kaming pensioner
1580,remulla malakas
1730,xmpre pkita tao
294,opo opo opo masaya 2nd coming hahha next nasa line aabot nang 2025 isa2x masaya sobra2x
2421,gagawing talk show game show pinas
924,solid bbm nasayang
1079,insert
290,yehe sapagkat bbm nakatadhana
2748,wala yata qualified
2760,love idol correct dyan naka lutang
1935,wikipedia source
2063,asa lugaw
1914,afford trip stay weeks referring personal trips huh
1882,kafatid
2852,akala mananalo mar dati binalak
28,maligayang pasko
2516,ganyan cguro perspective kakampink bitter gobyerno tamah ..!
1224,hahahahaha lenlen
2231,uso balimbing nman .........
913,hindi kaylan tsaka matalino tao andali paalisin pwesto papalpak sure gugustuhin pbbm fail
2526,tunay bayani bumaril hindi ninoy
2065,hunyango
116,thank supporting
2805,makapiling tatay masi kriminal naka kulong
2936,great pretender dilawan malapit kayo maalis
1060,mas mabuti cguro mamimigay kayu bigas naghihirap patayuan nio bahay bubuto ganyan
990,bbm sara solid
1547,nanay kuya jobert kristy fermin
644,tama bam kunti utang pinas lalo nat malaki inflation
884,love kayo
989,tama idol pang laylayan
286,gwapo kasai papa gabi
81,proudforever kakampink solid leni
2242,pinktae
2322,umaasa araw araw lods ayaw nlng magtrabaho maayos puro reklamo
2743,plastic !!!!
2393,paawa sus wala kotse imposible nman wala
1951,dumi eijansantos manalili vii monee
2764,oto2 hindi marunong panday
1682,padding
1240,mura horror
2722,sinuksuk daliri madumi
578,senator bam lets !!!!
1155,paki sama tpos nahuli leader
666,stock prices low atm therefore best time invest
2068,nmn gawa mana tyuhin
43,like bam
1428,blackpink ready love reaction mhie
1248,bee seat
1477,pesos takoyaki life
2837,mar hind marunong humawak nang martilyo
2910,tae
573,sinama pulitika showbizpasalamat mas marming bbm supporters nanood movie number movie
2137,hnd
351,namamasko
138,strategy magaling
202,loyalista marcos loyalista marcosduterte ilocos region
1672,tama kmi pwede
361,hindi napanood explain gsis hindi gagalawin pension matagal ininvest gsis contribution
2670,fake mas alam pamilya tax issue
2942,ans bobo
767,support bbm
0,thank bam !!!!
554,salamat sayo bam aquino
1735,dilawantama nohh
335,solid neto bam aquino fan esports since dota days
473,advocate bam esports important propagation esports scenes
2360,oto2 hindi marunong panday
1471,rank reavel
2889,noway
630,fyi tumulong tnc dota players kuku armel gabbi tims maka punta ti9
1529,cosplayer
1232,ans vegan
2845,gumaling galing kris
2787,wala yata qualified
1446,satisfying eyes
1920,oracan
2238,pla hubad apo bbm social media bumuto hubad .... kaloka
2023,pamilya aquino pumtay
965,idol mark musta naic cavite
1929,kumukuha kapal panga bam tibay bagay knya lodz
1075,haysst nanaman iniisip nitong babaeng
677,merry merry christmas
2939,ilng beses nia ginwa
2332,traydor yang ninoy halaga sinoman pumatay
193,bbm solid
901,idol kaso ayaw nang lawyer pera pera
1291,ayos
2370,sablay balita
1272,alcohol cologne
276,best actor
2483,sakit tiyan tawa caption bagay bagay matsing
2540,matatalinong tao silang uto uto
1675,hindi mabibilog utak tao hindi salita basihan du30 malkas
27,alam kala paepal since dota days nagsusupport bam
2304,maganda sibuyas piraso yong pangarap bbm natupad nsa sibuyas
289,wow supporting sports thank
1616,meeting
1913,maglaban sandro bam sandro
2781,man full confident unprepared real battle politics
2880,lenlen
2891,mapagpanggap
1763,hinanap barko san dadaan bus
1073,atty gadon makapagsasa nyan sayang nanalo honvirus
2366,lutang maka move
1973,got7 senator bambam aquino
148,bam maraming salamat supporta liga esports mabuhay kayo padayon
1708,lodz
12,yes maharlika fund
23,tama kayu
2384,jusme magpahinga nalang kalusugan wag pasukin yun mapapadali lalo stress buhay
2876,dreams ....
2111,mapag panggap
1131,parang bote nang softdrinks mas mahal plastic
2014,pretentious leader ....
384,god bless bam
546,thumbs idol
2602,ewan ayaw intindihin mali
2123,hay naku wala bang
1396,edi ninoy matagal syang inaantay nun
878,quibiuloy hinde convicted yong sinabe madam kasinungalingan aquino dilawan pamumuno joma ninoy
1610,wala kayang pwedeng ikaso ganyan
2433,sabihing feel laylayan
617,thank bam !!!!
2668,dont let rise marcos yun
1814,answer pesos negosyo
1612,mura yong sibuyas yong sayote
1627,nabudol hindi nman binoto
2162,wala man sasakyan pwedeng connection pilit elite supporter
684,liwanag dilim
816,idol kaso ayaw nang lawyer pera pera
2413,nyan higante higante drama drama harap media
2502,mapunta taning ulit kilusan
292,good riddance
1214,nakakabili branded bags nakakapunta ibang bansa sariling sasakyan
346,thanks bam good job
2706,dalawang aquino pres binuksan kaso tpos puro sisi marcos kapal mukha aquino
1134,san kukunin fund aquino gsis etc sana masagaot
400,mahigpit yakap forever kakampink
2472,debate bam sandro please want witness sandro stutter like father
2858,pacute leni
176,tama kayu
1680,self righteous woman without manifestation truth sobrang mapanira mapuri
1174,mythical glory 2879 points currently ign thebamadebayo
657,matalino nakaka intindi sara tao deserve 2nd chance perfect tao
836,present best christmas gift ever
608,mam imelda said divine justice waited patiently god made possible marcos back years sttonger ever
2970,pinklawan magnanakaw kamo
915,toni gonzaha wla siniraan toni
1807,totoo ??? luh
540,sumakay bus mananalo susunod eleksyon
1044,yess !!!
631,kaumay lage nirerelate million tao nmn tlga sinmahilig movie hehehe
1796,plastic balak atang tumakbo election
2551,traydor yang ninoy halaga sinoman pumatay
618,bam tara rank pinaka lodi senator
1737,pars kunwari maka masa pakitang tao
2333,patay pla
726,salamat suporta esports bam start gamers
1144,tama dyan lodz
2406,patawa ehh
636,tama kau
471,confirm wathdraw manny president antay kayo salute manny hari boxing
2268,events occured martial bad human rights abuses corruption killings
1233,hahahaahaahhah
115,thank supporting mlbb teams bam
765,ngayun tamang timing crisis mababa presyo financial market
378,fyi tumulong tnc dota players kuku armel gabbi tims maka punta ti9
162,mahigpit yakap forever kakampink
1122,madam lenlen malau election saka kng darating election inday sara makaka bangga
1505,pati building paligid tao pati kuryente poste
2130,natakot dilawan
2232,wala maisip
755,hangcute bam
791,true
1228,alam
912,tumpak
215,best xmas gift ever hehehe
213,mam imelda said divine justice waited patiently god made possible marcos back years sttonger ever
104,ipinapakita safe magtravel pinas prrd pbbm
627,president maam leni love poh ingat palage god bless
1666,particular team kayong sinusuportahan
2380,aabot
2100,kaarte arte
1165,hahahahahahahaha
2105,sagot mapagpanggap
271,bahala dios ......
379,god good
1589,wawa kayo makalugaw kayo sali bbm prd tandem 2022 peace
1400,fantastic fantastic fantastic fantastic elastic elastic elastic elastic ring ding dong ring ding dong
1684,hindi sandro nagpanuakala 1st lady lisa araneta marcos
1566,matic kunyari commute
718,dota teams palang suportado senator bam aquino player basta esports malapit
438,dyan susuportahan kita
1817,content boss
2222,baby fuentes bambu oil
1357,answer 300
1407,hidden agendamas maganda handa next halalan
63,god bless mam isiniswalat katotohan hanggat malusog kpa maganda pra mgkaroon enjoy kna peace harmonious family
244,idol kaso ayaw nang lawyer pera pera
2552,scrificial lamb ninoy taning buhay pra mtupad plano oligarchs
1576,boss bong taxi iurong pagtakbo eleksyon naka kotse security
2392,iyak
1681,pakitang tao boss
492,nice one lods
837,big check
1485,"2025 election coming preparation ,,,,"
1509,inarkila pla bus
1129,bwal syang magbus trip nyang nagbus basehan yaman bansa pagakakaroon sasakyan kundi pagkakarun maayos publc
3,far know bam natulong problema visa pinoy players international esports
2330,lutang mana nanay lenlen nia ....
1901,early nman gawlu
1738,pagawa bahay nanay leni
2684,nko mgglit ggwa nnmn nng wento pulahan kaan dhil dilwan btas nng libreng kolehiyo nng aaral
729,salamat napakagandang video
917,tama nagkakamali diyos nagpapatawad
1382,bagay boy 10k
1841,pinklawan ginamit dds kunwari sisi away marcos duterte takot marcosdu30 2028 parin
217,hindi napanood explain gsis hindi gagalawin pension matagal ininvest gsis contribution
696,thank support ing community god bless
354,wow
706,thanks aquino
2628,ambot ninyong upat
815,maganda nang marcos hintay umpisa palang mas lalo kang maingit tapos hintay wag magmadali
2707,rest hell fucking joma sison rot hell
663,senator bam lets !!!!
2749,publicity tawag dyn hehe
420,leni cge nlng presidente
418,agree
334,hindi pensioner directly investable pera yang gsis etc ayun ipapasok hindi contribution tao
1090,election haha
247,galing tunay followers esports followers thanks bam
737,namn ulit sinulatan sarah kinukunsibti wag malugmok yjng tao yun wag depres
2396,hnd
408,bbm risk taker salute president mabuhay
301,well said kakagising idol
2432,hindi mananalo bumoto wag nilulumot kaka panira
1503,best gift filipino people
2388,publicity tawag dyn hehe
542,fan senator bam thank supporting community
1267,imaging nasa laylayan nanay
2462,uri basura
2862,magkikita kapatid hudas
1747,edad nauna
1983,hindi xandra pagbaril assumed soldiers killed ninoy
2292,lets patay tlga nice
279,nakaka miss senatorbam supporting games
49,gamer bam malakas sumuporta esports
441,leni cge nlng presidente
1745,revtax mayor palang pinarada bangkay kumander parago
2211,corykongpanotabnoy aquino magnanakaw corykongpanotabnoy aquino magnanakaw corykongpanotabnoy magnanakaw
899,sandro support trust
1710,kaano aquino
1789,awit pinanood blacklist tnc
2288,buti pansine kuda kuda presyo sibuyas kayo talagang millions patawa
517,magandan xmas gift
2665,kababayan gagamitin dilawanang pagkamatay aquino sana matuto pilipino
2378,anong gawin tatalunin maam sara lol
1658,cno ????
1324,pangit nman pakinggan porket hnd kapareho paniniwala murahin parang kau nagpakain buhay wag ganoon
675,dol umaasa sayo charot
733,totoo merry merry christmas
1805,boss mark bbmsarah tshirt
486,nice piece legislation nakikinabang hindi batas wlang pkinabang madla pagpalit pangalan naia
1594,nilabas maharlika wealth fund pinaliwanagan muna taong bayan ayan imbis maayos sana dami tuloy kontra
1148,best ninoy cosplayer
2528,nabawasan tinik pinas kasamaan hangganan
2275,sibuyas sunod bawang nanaman
787,bam pupush esports salute sayo
1785,shungabels maniniwala jan sumakay bus
1619,tumira matagal tapos bus video car
609,tama idol
22,want christmas
1936,naitinulong bansa
1375,ikahit anong gawin tatalunin maam sara lol
1979,jan tau nagkamali edsa edsa lubog polopimas
1287,dilawan puzzle
2524,boss kasama pupuntahan maaga wala palng nagawa
2745,bobo hehehe
2648,nagpapansin pinklawan hay naku
814,president maam leni love poh ingat palage god bless
1094,hala nasa moon
2850,hala delekado sumanim
2510,wala cla maisip pede cla tandem iraq
76,leni cge nlng presidente
587,supporter thank supporting esports community
2254,inutakan ninoy fem tapos ninoy inutakan nmn kano devil tlga
2239,mahalaga taumbayan nagawa adminastrasyong aquino puro paninira galit tinuturo taumbayan
704,god bless maam leni family
2139,tee
1540,canned goods
2652,bida bida tlaga tong len len paawa effect
1609,float
1102,hahahahhahhahaha
1223,yunh sbi madam imelda
1698,artista nlang kayo
2645,lets patay tlga nice
2215,lakas amats
850,met joma kid know joma gave fruit
2496,mar hind marunong humawak nang martilyo
2598,sana masipag yawa
533,bigyan bonos yarn
2169,commute nmn body guard ksma bus mas malaki gastos convoy payan
2657,hipokrito lenlen
390,ganda kanta bagay bagay
1391,count mark
219,madaya apektado kabuhayan pilipino
670,hero john amores lampa cry babies benilde players
1663,playing mobile legends bam
905,honorable people indeed put full trust
1597,grabe kayo
2785,cla makapag move
325,maganda nang marcos hintay umpisa palang mas lalo kang maingit tapos hintay wag magmadali
2145,tanga tanga
1383,nyang bus yun
2456,monster gun salute
1083,pong team niyo
1655,good gabi buds
1695,relate sara bush suntok sherif
558,pinakamalaking ambag esport scene pinas alam thank bam
2756,patay pla
2308,nlng lods nagbus noong cya alam meron tlgang prob pagsakay bus
2932,answer plastic artista kase eleksyon ganyan
2389,aga
646,pogi bam aquino
191,sinama pulitika showbizpasalamat mas marming bbm supporters nanood movie number movie
1008,bombelya
1268,basta
2632,plastik pota
1473,btw video ipinakita lucianda massacre
1673,naku ???
2644,korea kau dumiretso
1915,malakas kaba
1660,skill
720,korek
1164,hahahajahha
36,salamat suporta esports bam start gamers
1208,maboto
2961,wala kris 2028 haha sakit teh
494,tamang
1535,alam kun kayo pumupinta ospital pinagawa macoy samantalang pinagawa cory rebulto inubos laht asset pilipinas
2962,lutang kba
2037,choice wala kau paki heheheheh
2835,lutang rin
2968,naku kaduda duda magpaplano nyan
2283,pakitang tao iboto
1170,anak wala puro tapos puro sisimula lagi tapos nanalo respeto
2830,sobrang dami wala silbi magagandang batas natatabunan taeng batas
736,best christmas gift ever
127,solid neto bam aquino fan esports since dota days
1479,hindi kakampink lods oppose
669,hello idol
1542,rerent van mas less hustle byahe papuntang bicol
183,miss kita kuya
1833,naka gwantes safety
487,true buti natalo
182,jan napa follow
1405,tas nagpost bam aquino edited pic tas mukha bambam
2963,garter kukunin groom hita bride sibuyas sana meron
2522,naku hirap maipagmalaki idol binabantayan
2305,yong ibang vlogger confirmed pension post agad kya natural react kaming pensioner
2751,obob sagot abogado
862,!.. galing
1180,present
1011,p50
2191,salbahe tlga lugaw ibagsak nia bansa natin
2062,kayo2x nalang pinklawan
2053,peke lnng
851,tunay liwanag nagdudumilat 31million
2985,kagagawan side cory yellow evil binabawian cla inuunti unti sunod nyan naniniwala yellow evil advance rip
48,wag natin patulan bagkus hikayatin natin manahimik makipagtulungan susunod mamumuno
1143,real talk ganyan
443,solid tlga esports
376,dyan susuportahan kita
1885,dkn mananalo ulit .... congress stage pede baguhin source funding
1987,showie tlaga pati asawa nilalaglag grabe
1014,create jobs
1607,nakakapag balikan tapos pagdating pinas bus
1852,malayo sunod eleksyon magpakamasa maaga
722,true agree parang magic yong kauupo solve agad problema pinas
1403,wag patulan bro bihay clang bitter makkmove
2780,puro nlang kayo edit kawawa nlang kayo
898,bbm risk taker salute president mabuhay
943,looking young handsome bam aquino
1402,whats soj
187,korek
1821,subokan
505,pogi mark
2453,realtalk nanakawin yong corrupt dyan pulitiko hindi nakikinabang posesyon
2049,ewan ayaw intindihin mali
2089,pinklawan real
1202,bus netizen post kasma bus parang wla post
2167,cla makapag move
2878,dilawan tunay nagpahirap bayan pilit ibinibintang marcos
2966,pinklawan cla araw araw umaasa mabigyns nalaman gold ipapamigay
85,huh anong reasoning kapanipaniwala namang nagbubus pang naga jusq koya
205,tunay liwanag nagdudumilat 31million
2834,walanamg maniniwala mgayan idol
482,love love sara
1517,bbmsarah2022
1521,haisst iyan
2597,papasikat nagpapabango next election
1808,ayaw malubak sasakyan grabe kalsada bicol lalalim lubak
1253,hirap makipagtalo maxadong matatalino
2641,nmn gawa mana tyuhin
135,investible funds gsis kukunin hindi mismong pension mas right timing iinvest perang bear timing
1435,finally kaso gma remembered malungkot gma
1646,sumagit ganto bagong script wala nang maissue
939,want christmas
1030,31million tawa
1545,asan patunay nakasakay tlaga nanay bus pauwing bikol
1960,usually tao victim focus sided every situation
613,ehh patas
2949,nakaasar media ngyari mendiola massacre pinapalabas ngyari
1333,ans election
834,morning mark merry christmas
1284,kaway kaway
296,yehey
1315,kawawa kakampink hindi nagbasasa kaso rip
47,tam jan lods
2387,wala hulog sagot laging nililiko sagot tanong
632,boboto tony election
2031,pakitang tao nnmn lugaw hayy nku wag kmi kilala nmin papansin lutang
985,dol umaasa sayo charot
844,thanks support
2639,pakitang tao wag iboto
168,idol nice see
451,man dilawan appreciate apperance like suportado esport specially
2140,hayaan pahirapan susunod maglakad nalang
1288,wag kmi simply buhay bike
2072,content
2262,admin pabor dilawan nsa coment section puro bbm suporters outch
1722,poponda lenlen cute jan lenlen dala sako bag maniwala sayo
149,authored free edu ryt dinedma pnoy thanks contribution thanks prrd making reality
1553,solo !!!
1246,napansin bam aquino parang nagpaparamdam 2016 thank leni dun
1943,sure kumukulong tubig masarap sabaw tibola
2836,wala cla maisip pede cla tandem iraq
2073,madaming nakinabang pera kya pinag kaisahan marcos kht abugado media bayad gnya kadumi batas pinas kasabwat kano dyan
745,"magdiwang ,,,"
1401,please really pbbm right question whats happening real issue leni government system kabaklaan nalang
2861,parehas rin lutang
1379,count
2121,nilalaro taong bayan
1941,bus sasakyan 2nd hand parang mali
2481,far concern brains emotions puro drawing
1085,well
2623,wala maisip
592,bbm risk taker salute president mabuhay
1537,main boss
1320,kaluluwa goma hehehe humiram vanishing cream jerry nwwla joma
2600,inutil
2086,years namuno dilawan nahubaran maskara d30 nagawa tulay ilog
1906,pakitang tao ....
2225,nandidilaw paningin sayo hahahhahaha
725,best actor
1130,dilaw
886,proud akong ipaglaban bbm nanalo
2627,authored bat ibigay credit researcher lawyer nagsunog kilay pera ambag gosh tas ibribriefing andun
1725,syempre pang pakitang tao pra mauto tao
2536,wag nakakatawa tlga kau dyos lord never never
44,pahumble
1860,manage team kesa senador bam esports
2954,plastic kotse ordinary ong tao
2849,paktay tau jan
1210,trip boi inaano leni
567,ninoy hero true filipino love country much sacrificed life like rizal martyrdom
1021,sagutin abangan winners !!!
67,mahigpit yakap forever kakampink
2422,nlng lods nagbus noong cya alam meron tlgang prob pagsakay bus
1704,acting tama
828,duterte sakalam tunay malasakit
927,met joma kid know joma gave fruit
812,timing bam tama
1340,alam marcos matay ninoy aquino
230,ganda kanta bagay bagay
218,bsta kmi mulat mata nmin
369,alam kala paepal since dota days nagsusupport bam
2599,plastik pota
511,best tlga bam naka supportive esports team player lalo international game
979,happy
1613,bam pong team sinusuportahan niyo
352,idol boxing
1348,vegan facebook
2016,traydor yang ninoy halaga sinoman pumatay
818,ipinapakita safe magtravel pinas prrd pbbm
2253,hypokrita
56,masyang masaya
1502,piklawan
1409,makuha simpatiya tao sabihing maka mahirap maka tao
2557,nalang bahay umuulan lakad nakatapak
2631,dios miyo namakabalik dilawan
2141,issue matagal samagiot deley ata dating
1042,nakapag travel ibat ibang bansa kakaloka char
1974,tanong mahal bilihan ngayo inport ibang bansa sibuyas kinawawa magsasaka pls pakisagot
254,tamang
2451,alam boong pilipinas kalidad money wag
1934,hahahahhaha nagpaparamdam nanay lenlen
1359,sumalo onionbuquet
347,mas makakapahinga bus masmalaki matitipid bus pauwi bicol
2998,hesus maria jose !!!
2125,leni lugaw
2044,sasakit kalooban pinklawan nyan lods
1755,san reaction vid ready love
2038,admin pabor dilawan nsa coment section puro bbm suporters outch
2856,asa
1876,nagday driver
414,correct sasakyan public publisity
50,solid neto bam aquino fan esports since dota days
1797,wow player bam
1904,ngawa pinkiss
597,nice one idol
2272,halatang gawain hunyango
2909,answer corrupt
1006,beauties beasts
1787,aluminate real
1732,masaya malungkot .... masaya wala founder npa malungkot rrspeto tao
641,thankyouu supporting mlbb community
859,bbm sarah solid
2470,mandarambongbong
827,idol kaso ayaw nang lawyer pera pera
693,best christmas gift ever
171,proud proud anak
2306,spokesperson nia liar rin
1815,kala butters
1013,maharlika investment indi wealth
111,since day esports advocate bam
2541,monkey
442,best xmas gift ever hehehe
2051,mapunta taning ulit kilusan
624,hindi napanood explain gsis hindi gagalawin pension matagal ininvest gsis contribution
671,idol boxing
2817,buti pansine kuda kuda presyo sibuyas kayo talagang millions patawa
2012,dont tolerate wrong
84,correct convince sara aral tapusin nasimulan
1111,!!!!
2155,natatawa tatlong wala bang
724,best xmas gift ever
1779,diba talino
1186,pasok
2296,luquhon saderi manang saderi manlang ino2
222,salamat
716,mas makakapahinga bus masmalaki matitipid bus pauwi bicol
2900,ahahahhahahahahhahahahhahahah ansakit chan hype !!!!
377,salamat
1770,niere look
1257,yes tama
300,thnk lord
717,tama maharlika fund
530,saya saya yaho
856,bam fight ipag manindidigan gayahin nonoy
918,pbbm forever
1918,alam pra masabi maka masa
24,bam aquino author free tuition state university
1843,wag idamay gsis
2831,maawa kayo pilipinas
1719,bam bida dyan bam title
1147,san kau cya nagpunta ngyon lodz
544,bam maraming salamat supporta liga esports mabuhay kayo padayon
2683,mapansin hindi napapasin ingay
385,tama mpabyaan aaral
2004,drama arte
2741,kilala yang lutang nayan lods
2057,answer bobo
212,bbm sarah solid
1984,tapos prrd pumirma hnd pinirmahan pinsan antagal kasama iisang administrasyon budget
1041,laborer
1351,gadon sakalam
1012,dota nanunuod bam aquino
1592,hahahahhahahaha
2560,akala mananalo mar dati binalak
1526,show ika
1474,comment silbi secretary
897,sana presidente pbbm ngyon nalaman totoo
2855,gumaling galing kris
1654,katropa sasabihin
1000,research abt wla aus paliwanag wala alam nakasulat dmo binasa bulagbulagan hnd member
467,nanggaling pension dba kinita investment
2041,kagagawan side cory yellow evil binabawian cla inuunti unti sunod nyan naniniwala yellow evil advance rip
633,idol
1657,fact
2252,tanga maninila jan nanay lenlen sana buss
243,solid bbm nasayang
2943,liar
1948,cap
1623,sbi bah
2957,fake mas alam pamilya tax issue
2447,wala maisip
1406,lawmakers time law breaker
317,pogi mark
1128,ambot imo
2285,marcos magnanakaw
847,true agree parang magic yong kauupo solve agad problema pinas
2912,taga mars
2060,kaninong side laging babanggit tallano gold yun umaasa
658,forever pink
685,duterte sakalam tunay malasakit
2399,puro fake news tong fenklawans
2619,wala kna bam
2052,aasahan pinklawan edi komontra komontra natalo
1007,nalang kinocompara mahal sine pambili nlng ulam bigas hehehehe
2079,bayad buy ayy este banat bay
2937,kinarma pumangatlo hukay
2335,great pretender
2793,dilawan tactics since 1965
1353,guys hindi nanan konsintidor bata sana nakaka vote use vote wisely
945,ninoy hero true filipino love country much sacrificed life like rizal martyrdom
2634,layo ganda kaptid nyang disiplina
1523,bbm malakas
2603,agnas
409,pinakamalaking ambag esport scene pinas alam thank bam
1244,atty gadon pasok
2416,iyak
762,namamasko
2182,plastic nanay len2 hehehe
2611,lutang idol
2931,pakitang tao nnmn lugaw hayy nku wag kmi kilala nmin papansin lutang
1919,olats
1727,solid bbm sarah gawa larong pang brainwash filipino ibentang marcos matagal laro
972,congrats bam good job
2048,madaming nakinabang pera kya pinag kaisahan marcos kht abugado media bayad gnya kadumi batas pinas kasabwat kano dyan
1457,nagpapapansin next election leni
654,yahopoo
1543,leni kiko talo
2240,dreaming
1917,tao tau naintindihan amores tau
2131,years namuno dilawan nahubaran maskara d30 nagawa tulay ilog
2217,kayong bumangga pader sara du30
232,nice nice
2776,gun utot joma mark
2003,tama lutang tlaga cla
605,ayos bam mas mabibigyan pansin lalo esports
2106,lenlen suporters pkitang tao nanay nio pinas nagbabus ibang bansa sariling sasakyan hnd bulag noh suswla mauto
1234,pogi bambam kagabi ugh
1873,balik gawi nanay omepik style pra mka relate charroot nanay
629,god bless bam
2647,malalapit halalan
1760,mima
743,bam staunch supporter esports video game development industry philippines search niyo time ambag esport
1897,ganun nmn .... gold bas pnoy ala mabawi yun
2871,kinginang marimar halatang photo ops sana inayos man hand placement martilyo
120,god bless mam isiniswalat katotohan hanggat malusog kpa maganda pra mgkaroon enjoy kna peace harmonious family
2653,ewan sayo bambi este bambam
1746,bam nakalusot
151,like bam
1024,afk
1583,diba cong sandro cong romualdez nagprincipal author house bill 6398 mapanlinlang maam ces
1769,sobrang saya proof dead tlg nmn niloloko nnmn tau makakaliwa
786,support bbm
2650,sos pati pagka matay pulitika respito nlng sana pamilya namayapa tsk tsk
1308,mam miss meeting
2688,commute nmn body guard ksma bus mas malaki gastos convoy payan
128,mabuhay bam !!!!
2074,pinklawan kayo napapagod
1690,bat ganun lakad parang lakad maayus
113,huh anong reasoning kapanipaniwala namang nagbubus pang naga jusq koya
2331,bigyansya nang gun salute hindi deserving nuh tingnan natin nandun
2467,answer corrupt
1813,isip
259,bam kayo nalang magpaganda tournament stage mpl hahahahaha
2321,iyak years nmn silng tambay
366,korek idol
1285,surplus pano nalugi
2346,patay nba updated mark kilala sure lutang mong kilala
2621,ganda jwk lodi bka aabot 2028
1771,hahahahahha yowo
2577,kin inam
1926,namimis rin nanay huling video kanilan tinuraan gas ibang bansa
1716,brain
117,free tuition college bam yun sinasabi trolls
2368,drama lagenngaround world wlangcar impossible madrama mapag pangap shes fake person
2018,hesus maria jose !!!
2983,yng tumututol ayw yumaman pilipinas
1519,parang galaw nia scripted tas nakikitaan authenticity
2656,ans bobo
1653,kilalaning pamilya yayaman
2974,mute academic kaso nkatakbo ibinoto million kna umasa atty taeh balik law school majority
881,leaning towards youth halos support bam
2646,wla nang delawan maka balik
1207,alam nmn lenlen artista
2297,sinuksuk daliri madumi
1582,musta mark
429,tama boss
2186,buti maniwala inyo dnila nkita ugali
1318,magbabus papunta amerika mas mawa pambili mamahaling bag tapos
93,idol
10,agree 100
2423,nagpapahalata iyakin 5yrs ayy
2659,madaming nakinabang pera kya pinag kaisahan marcos kht abugado media bayad gnya kadumi batas pinas kasabwat kano dyan
1961,anu
2009,pretentious leader ....
872,galing joke
1751,sumakay wala bang nagpicture masa loob bus yun nakavideo nasa loob bus
1252,nangyari kawawa member gsis kmi nmn budol
998,free tuition college bam yun sinasabi trolls
1271,tres flower
778,since dota days bam thanks always supporting esports philippines
2129,pinklawan
652,good riddance
1685,bat biglang nagtago tong bam
2572,great pretender
1432,ngaun wala paren kaung kadala dala
2087,lenlen suporters pkitang tao nanay nio pinas nagbabus ibang bansa sariling sasakyan hnd bulag noh suswla mauto
83,bbm sara win
595,slamat bam
2192,kakampinks malabo patis labo manalo
227,alam pinagdadaanan tao tayong kakamali wag manghusga
531,pagkakataong magbago amores
822,hail yehe
2207,iyakan kau
2774,tee
1636,sniper
2008,nlng lods nagbus noong cya alam meron tlgang prob pagsakay bus
1215,kinocondition years maxadong excited afford plane europe bus papuntang bicol
223,tama mpabyaan aaral
1736,ayaw gumamit sasakyan earth plastikan akalain aantay bus hindi waiting area
1495,maalis muna corrupt officials corrupt mahirap magtiwala mayaman sana bansa corrupt
2504,paawa effect
1896,family goal
1423,bam esports
604,huh anong reasoning kapanipaniwala namang nagbubus pang naga jusq koya
1585,damgo
2255,pahingi away showing staring lenlen
440,foi bill transparency none gain trust thats answer transparency forms
1490,mahal sine daming tipid
1573,proof patay
2904,tama accla
594,honorable people indeed put full trust
2113,naku sana pauwiin pinas bangkay ilibing dun libingan bayani
2981,fake hero
1588,alam pirmado agad
649,madaya apektado kabuhayan pilipino
2762,pretender
382,wala bang car dba galing vacation abroad tapos bus
2112,dilawan hindi rin maka move
1173,sumanib atom rissa coco atb
612,sinab ing road trip bus idol
2278,noto dilawan
2518,usual dilawan pinklawqn madre pari hayss
82,tama idol
1880,pesos facebook account
2922,pasikat kamo
537,idol mark musta naic cavite
2581,bus nka louis vuitton kpwa lokohin bentang benta yang ganyan
1938,plano palang ganyan bam ???
810,mam imelda said divine justice waited patiently god made possible marcos back years sttonger ever
2365,ganda jwk lodi bka aabot 2028
1688,photogenic
349,hail yehe
1798,ibebenta sasakyan
1066,duterte sign law pnoy hindi priority maraming private school maapektuhan
2088,korek nakakatuwa nganlangbisipin anu ngat gan kuya noh wawawa
2213,feeling relevant ampota
1243,pam bam
2927,tanong paba
130,suportado bam
1626,tska bus laging stop
2923,pinklawan kayo napapagod
167,bbm solid
780,korek kuya mark nagtataka gingawa nakaupo dami kontra kaloka wala silang magawa puro kontra hays
2017,naku kaduda duda magpaplano nyan
2099,siguro malakas mambwisit hindi uubra
8,god bless mam isiniswalat katotohan hanggat malusog kpa maganda pra mgkaroon enjoy kna peace harmonious family
60,fan thank supporting community
1518,first mpl tapos puro trashtalkaj agad saya niyan
1310,nnmn uusapan next live
622,bsta kmi mulat mata nmin
2468,salot
1009,inang lenlen masaya kayo
1909,daming ganap mama lenlen
1081,early
102,proudforever kakampink solid leni
2397,batang isip guanzon ganyan asal abogado
1465,tanas
1032,syempre defence mechanism bro
192,respect
80,shawe nadali kakie
285,ayos bam mas mabibigyan pansin lalo esports
1303,syempre
1321,ksp kse
1578,300 hoping win
1295,bbm binoto hindi nanood sine hindi mahilig manood sine
1154,grabe tlg reklamo agad man isipin muna haist
2877,nakakatawa tsaka judge tapos term dmi namng salot banda kontrabida
2251,wla nang delawan maka balik
1177,namatay ninoy lumabas cory namatay jessie lobredo lumabas lenie
571,namn ulit sinulatan sarah kinukunsibti wag malugmok yjng tao yun wag depres
1037,"tama ...,"
401,thank bam
1969,parang naka lazy boy seat bus
2084,ayaw mali pangulo hirap
960,supporting esports bam
548,wla mgbabago bbm tlga mgbabago
343,never happy
1981,hindi gets mkkuda siempre
1099,sana .....?
962,alam kala paepal since dota days nagsusupport bam
2902,ordinaryong tao big deal bus tawag dyan papansin kunyare pang masa tau sasakay pakulo nyan
843,salamat suporta esports bam start gamers
1229,2016 yun effect fpgma
37,nice gamer
206,agree 100
360,basta bbm rin magbabago
849,mahigpit yakap forever kakampink
7,wow supporting sports thank
1123,buhay nabigyan adrenaline
1642,ekis
2135,kano bayad sayo ???
164,tam jan lods
616,correct !!!
2938,hindi pension gagamitin sobrang budget hay naku
2445,nabubulok
1476,answer election
1668,kurty crab
1723,simple logic lodz nagsimula simpling buhay maka masa dawkailangan magsimula invest makuha sympatya nang public
1338,hnde cia aantay kalsada dati
2778,liar
2799,yata 2028
1501,penge pang skin aquino
2844,wala silang ibang maisip
2312,hypocrite
541,bbm president
759,yes ipagbunye
2146,basic manila baguio 6hrs nku lugaw wala maloloko nlng
1205,duterte free tuition patawa
2584,ambot ninyong upat
1924,malayo kampanya
1902,sasanib raoul manuel !!!
2947,answer inudoro
2733,asaka olat nmn
2667,nxt drama mark bike galing bicol manila pautot mamao panis
327,bbm sara win
107,sisisi nasayang boto pbbm
935,thank supporting
824,tama lod umaasa
988,thank send bam dota esports wwlang kupas supports
520,salamat
2608,kano bayad sayo ???
1222,election correct wrong
2495,magpakaarun ingnun bisaya
2905,anuano pinapalabas wala magagawa hindi mapapabagsak pamilyang marcos
2613,mabubuang jud pinas ganyan
1999,atty wlang sasakyan nakakapagbakasyon ibang bansa wlang pambili sasakyan impossible
324,best tlga bam naka supportive esports team player lalo international game
1238,bam bam lumabas hays
2151,tanga ?!?!
532,proudforever kakampink solid leni
1187,savage
1967,new hair madam intro
2543,nagminatay nmn gani kris dadamay
4,tama lods bsta cla
1595,forda drama
2758,wag nakakatawa tlga kau dyos lord never never
2867,hinuhuli nah
1866,bam dis
1132,political stint alams ending
1417,prouder coz !!!!!
2769,funny
1026,wag nyu pansinin pinapansin lalo magwawala hayaan nyu bata tahan
1108,50pesos
1709,penge kame pangnood sine
240,hail yehe
2879,hindi bilib
2952,kesa aquino fund pautang ibang bansa interest
893,enters kayamanan tatay madaling makuha madala dto bansa maitulong nasa mahihirap
2944,time bam maganda ekonomiya rin tinuloy dami palang tinuloy
740,sana bigger venue finals took minds stress lalo ksagsagan pandemic
2236,tanga tanga
2295,ordinaryong tao sasakyan tpos congresswoman sariling sasakyan kalokohan tigil tigilan kmi santa leni wag
2195,epal moves
2070,orocan
2441,naloko
2267,basta nakakatawa nalng mangyayari
2810,bida lenlen
2354,repair sakalam
2779,dilaws sinabi enrile pineke assasination maniwala dilaws sinungaling yang enrile
2039,heheheehe yayamanin yarn
169,totoo convicted criminal liability already served payment penalty
2280,maghirap tlga pilipinas
1608,aahh alam kuna sagot iyak
691,totoo convicted criminal liability already served payment penalty
830,mabuhay pilipinas god bless philippines marcos
523,tama lodz
620,airport mnl naga mnl daraga albay daraga naga takes 4hrs mas komportable bus
1533,kala seryoso matagpuan
2443,bam komunista aquino
1133,yellowish
2662,drama queen
2457,naku sana syang sumanib lutang
1354,panay abroad tapus sariling sasakyan niluluko nitong leni trip
1632,publicity alam lutang nayan naka tapos nagbus
2110,orocan
857,stayed blacklist tnc game mas wild tao supporting esports scene
33,sinab ing road trip bus idol
274,sumakay bus mananalo susunod eleksyon
1487,kala paalam
2328,tumindig nlng kayo ukraine bagay kayo sakali maawa putin iyak nio
403,wow supporting sports thank
2822,mahina kris literal
2299,bam kwenta
1912,uwi kau miss kau rowena guanzon
698,yes ipagbunye
948,game
1156,ngpapapansin akala cguro nla mkukuha nla mloloko nla tao sorry laos style basang basa kau
1714,2nd
734,met joma kid know joma gave fruit
953,salamat suporta esports bam start gamers
621,love song much !!!!! kinda song start yourr day beautiful
2383,san interview enrile balita ininterview napagtanggol enrile srili
2461,boss kasama pupuntahan maaga wala palng nagawa
381,maganda nang marcos hintay umpisa palang mas lalo kang maingit tapos hintay wag magmadali
1436,indi hinatid
79,advocate bam esports important propagation esports scenes
236,godbless philippines
553,bam great job organized ignites volunteerism heart rich poor filipinos mock cant deny
2716,kpg pinklawan kuda kuda pra manira mgtwala cong sandro alm nia gngwa nia
480,way alam story
1054,tas infra sasabihin
694,hope get
770,support bbm
2655,lutang ??? yong tumakbo president hindi alam isla phil leni .???
2248,inodoro ikinabagsak
1408,duterte nakaupo lalabas anak bonjing
77,jusko bam nasa timing nasa bear market global market naka discount
904,salamat
158,correct sasakyan public publisity
316,saya sayasa jollibee magaalmusal mmya work
421,tama taong tapat mapagkakatiwalaan
100,supporting esports bam
2394,korek akala bobo rin mamayang pilipino tapos galing tour
1190,galit kakampinks bam aquino galing idea
2417,aquino sinungaling kinakarma
867,yehe sapagkat bbm nakatadhana
950,magandan xmas gift
790,godbless philippines
660,supporter thank supporting esports community
1748,nagtitipid mkita taong bayan short pkitang
1114,nagwa aquino magdakadak
502,diko parin alam natalo bam diokno higit mas magaling nanalong senador
1584,hello garci yuta
1869,krazy angkas
1624,kasama 31m ala budget kase mas important pangangana nakaka luwag nmn tumatanggap kind merry chr
1418,sanaol ligtas
2624,pamilya aquino pumtay
1189,nandyan parin alipores wag muna kampante
2700,ayaw mali pangulo hirap
1754,walastik troll moments hahahahahahaha
1109,bert tawa marcelo
1368,meron man agenda whatever good bad respect natin trip
1107,compliance
785,back back negative gdp inflation tinaas dolyar peso inutang noong tinaas gumanda
1806,kkunwaring bbm supporters pinkish
2854,nxt drama mark bike galing bicol manila pautot mamao panis
1853,bam rank game
2377,malkas manumbat
565,basta gumaganda bansa ngayun pbbn
1293,last man stand
426,looking young handsome bam aquino
1499,rip nalang
2147,mapagoanggap
2828,plano ninoy vedio takbo gunman punta ninoy buddy guard halata
690,confirm wathdraw manny president antay kayo salute manny hari boxing
1018,alcohol cologne nawa palaring manalo
2955,aabot
2578,hihihihi kya len len kawawa ksi cnunod nia bambie hihihi
1952,sulit boto lods kxe dinasila mkamove
910,korek idol
1062,yes
699,yes bbm sarah solid
1350,tama tukayo
483,thank free tuition every university nakaipon magulang pangpagawa maliit bahay probinsya
1728,wala nay magpailad rong panahona
1212,mam alcohol cologne
1985,trabaho .... bbm
2626,natatanga sakanila totoo
1783,reliable source gsis hindi sinusino nagsasabi pension contribution natin gagamitin
257,mam imelda said divine justice waited patiently god made possible marcos back years sttonger ever
1531,batas
239,thank support ing community god bless
233,tiktokerist
19,great president philippines
1239,lights camera action nanay len pabili orocan
1664,tlaga nmn kokoda wla nang gosto bsta ikagaganda bansa ntin
2476,banat bay knaiinisan
1894,wag kang magalak pagka kaaway nabubuwal kasamaan nia dios nmn mananagot magagawa natin ipanalangin natin
1508,ginagamit nanaman lumang tiknik
2455,terrorista joma
1449,itulog
41,tama lod umaasa
1292,answer vegan
2224,rin sorry
2471,makalusot
2899,traydor yang ninoy halaga sinoman pumatay
1360,norberta amo
1558,apolo10
1245,hehehe
2840,asus ngsalita
1251,sanay sanay
460,ipinapakita safe magtravel pinas prrd pbbm
121,thumbs idol
752,investible funds gsis kukunin hindi mismong pension mas right timing iinvest perang bear timing
357,proud akong ipaglaban bbm nanalo
534,president maam leni love poh ingat palage god bless
1260,nge
942,yahopoo
673,nakakaalam baam aquino senador dati support esport community pinas
2921,tama nauuso yun cancel culture created pinklawan
2941,hindi pension gagamitin sobrang budget hay naku
2546,katangahan
2585,qualified baba
2298,obvious pinkish
983,yes shes one president president 17th president philippines
1168,aga nman nangampanya lenlen
1136,wheels bus
1900,ramos lods pede kmi lumapit sayo charity nmin girls orphanage pamp sana mapansin salamat godbless
710,ehh patas
1864,paulit ulit nlng
973,boboto tony election
645,salamat
1363,kala bam aquino
922,ganda kanta bagay bagay
2316,cla pagtatawanan flood nnmn memes nian sure
2591,taena pinalabas sniper tumira yun ttukan tapos isisi marcus tunay nagpapatay wangko cory
457,thank sports advocate bam
1631,letg
1574,meron jan kumain baso uminom plato
2369,wala kris 2028 haha sakit teh
1669,lenlen presidente
2064,pansin nanay lenlen paawa 3pek
2227,nope
1765,len len ewan
579,pahumble
173,anjan nanaman idol
1115,kitam
848,even fan aquino thanks supporting esports since dota2 makakuha visa pinoy team
2094,pakitang tao tumagal buwan
783,loyalista marcos loyalista marcosduterte ilocos region
1816,tnt
1486,tagal pinapasa batas mangayan nakakasira tao imbesna makabute
2752,pic tpos post
2259,yup version bam national budget kukunin hindi pensioner gaya
186,morning mark merry christmas
1277,rip
1196,okie lets thing victims mendiola masacre shall
30,yahopoo
2988,bida bida tlaga tong len len paawa effect
946,grabe mark realtalk
220,hindi napanood explain gsis hindi gagalawin pension matagal ininvest gsis contribution
1372,tapos kalagitnaan highway pumara makakakita gitna hiway pumara hindi terminal
1506,kol away kaaway buhay samantala kilala amores tao sinaktan
1903,abangan nating susunod chairman babae
463,never happy
1494,pakitang tao malayo election
380,thank supporting mpl thank pinatalo leni
1031,apaka
682,bam dont like time comes support youve esport community impressed !!!
348,leaning towards youth halos support bam
2166,naiintindihan dds trolls
2386,kaputanginahan
2357,great pretender lalakas photo ops pwe
2081,nagagalit hindi part atty leni govt trysikel kariton pera gamit
1647,cartoons
1670,pesos frank mendoza perfect pang meryenda takoyako swak pang negosyo
2596,obob know
64,thanks support
90,thanks
1158,masama bill rather timing people behind
1858,pacute
1958,kuya dami magagalit sayo nyan gwapo kapa heheheh
2740,papalit joma lutang
472,pinakamalaking ambag esport scene pinas alam thank bam
1087,tawagin carpio
1281,basta bise presidente inday sara sakalam
2498,yup version bam national budget kukunin hindi pensioner gaya
2534,kala mark tahimik
496,ayos bam mas mabibigyan pansin lalo esports
2999,umattend bbm wag subukan makipag debate dika mapa ahh
1546,birhen lenlen
370,angas
2201,papansin
1467,ulit kayu wag
1053,sna sgautin mdmi ksi ngssbi nabudol sla msasbi lods
732,galing bam aquino
753,jan napa follow
941,yes bbm sarah solid
586,ninoy hero true filipino love country much sacrificed life like rizal martyrdom
1241,husg kau magumpisa mnira igalang pagkpanalo
921,since dota days bam thanks always supporting esports philippines
951,former bam aquino naghehelp man esport players natin makasecure visa compete internationally
2617,naku ..... bobo tao ..... halos alam tlga sakit noynoy aquino .....
519,congrats bam good job
2525,gagawa sariling impyerno kukumpitensyahin taning
2538,payaso bam
1840,brad photo
72,nice one idol
1598,design mamamink
570,astig bam
2925,cge subukan nyong ipain tao hindi kakilala kang ina itinuring tapos ipapahamak anak
2127,hangat yellowpink hindi mawawala magnanakaw
1344,karpentero
2681,mental gymnastics
1185,malapit election
2718,mapagkunwari
1103,nagsama
2367,parang naag iisip rin magnanakaw marcos inisip thanks god pbbm pres
2274,kinarma pumangatlo hukay
1731,nangangampanya lenlen
1153,answer pesos sagot hoping win
2474,hinuhuli nah
5,lets senator bam
1516,pamilya cuangqo
1575,vote manny dept water spokesperson
626,tama
2168,pakawala bbm bam aquino loob partido leni anay pugad anay leni queen anay
358,salamat tigil ninyong pagsubaybay maam leni anak
464,totoo merry merry christmas
262,idol kaso ayaw nang lawyer pera pera
2340,repair sakalam
2391,"tao ,.."
2409,plastic !!!!
2323,inomka pang patulog
284,sana presidente pbbm ngyon nalaman totoo
478,maganda nang marcos hintay umpisa palang mas lalo kang maingit tapos hintay wag magmadali
1376,akala nla maano tao maraming pupunta dun
819,diba nanalo prrd maygkaka martial law ulit nagkaron marawi kaguluhan tumagal matagumpay afp
1334,pamasko
1569,mang dodog show madam
1270,totoo sana
916,bbm sarah solid
1451,bbm humahabol tawa kayo daming sinasabe etc etc anu nadarama
869,supporting esports bam
224,cool
1831,trabaho
2562,tanong paba
2993,patay pla
2436,pasalamat kayo naniwala sayo bbm nagbahay bahay naku zero vote
2301,makinig kau mabuti lalo wala alam kuda kuda pwd libre search
804,hindi napanood explain gsis hindi gagalawin pension matagal ininvest gsis contribution
1637,alcohol cologne panalo negosyo
2035,bangkay wala noynoy wala ding bangkay
793,always supporting esports thanks bam
1290,meron naka encounter tyo lawyer lutang
466,pinakamalaking ambag esport scene pinas alam thank bam
458,tama kayu
2873,one talking fault every presidents except marcos
966,senator supported esports since dota2 days
2469,wrong timing hindi pinklawan nakaupo nyaha
1697,ipakita mukhang makamasa simple tao kuno
2250,show shempre
1010,peso
1397,hyttss
2563,loko
908,well said
1975,lam bambi member lgbt hayaan hindi alam dasal kaluluwa namatay
2419,juice coh
1309,become nagbubus province manila natigil
689,kaumay lage nirerelate million tao nmn tlga sinmahilig movie hehehe
2672,bagay ganyang trabaho ganyang nlng trabaho naka tulong
161,dyan susuportahan kita
320,tamang
1856,kunyare yun
2488,agawan trono taning
1469,permanent address ksi
2579,trying hard
1830,palitan
59,tunay liwanag nagdudumilat 31million
2574,iyakan kau
410,miss kita kuya
508,confirm wathdraw manny president antay kayo salute manny hari boxing
1226,suporters bbm tahimik
1564,argus
1038,anong koneksyon movie botante binoto bbm nanuod nanunuod sine kuntento
2096,wala bahid fenks
2651,crocs
1459,uung kakampink makabayan mhal mahihirap napakasama ugali
1200,andrew malakas
2353,pinklawan legacy puro kontra
2339,payaso bam
108,shawe nadali kakie
1314,aagahan gawin trip pagasa sunod election
1201,ready love reaction pls
772,met joma kid know joma gave fruit
1100,senador bambam
2978,pakitang tao malapit yubg election
1524,bwahahaha grabe labas litid bam aquino kasisigaw !!!!!!!!
2866,kya mahirap tlga magtiwala sknya dhil pakitang tao plagi galawang dilawan
566,happy
1630,paandar neto mama lenlen dyosko
961,present best christmas gift ever
2477,balik endoro
1561,bka prank
1046,dina lumipad nong araw sana meron video nauntog poster nahulog
993,saya sayasa jollibee magaalmusal mmya work
1778,yes count
11,dota days palang susupport esports pinas
1422,pass
1772,reaction blackpini ready love
875,idol mark musta naic cavite
383,nakakaalam baam aquino senador dati support esport community pinas
428,thank supporting esports bam lodicakes sobrang kita support guro knowing malaki rin support esports
1629,youre right
2120,pakitang tao iboto
2713,hay naku photo purpose ....
1590,kilebama
1022,answer solid waste
1618,lol mahlg gala lalo maliliit
406,dota days noob kuku alam natin bam nasupporta esports bam
2616,sos
1764,mali magpasa
2001,naku wag namang sumanib lutang
2887,puro paganda dyansa nagsimula paghihirap nang pinas sinisisi bagong president nahirapan ibangon lugmok
238,tama pgsisisi
1017,asking binuto
122,alam kala paepal since dota days nagsusupport bam
1439,nman cgabby
1150,vegan gonegosyo aasenso
1854,kagaya million nanunuod sine
1464,hit point
1577,aminin plano tumakbo 2025 balik laylayan peg
1793,pension kukunin
2430,cory papatay ninoy mahalal pagiging presidente cory dimonyo
125,mabuhay bam !!!!
1530,kainuman joma osama bin laden
2243,ganyan cguro perspective kakampink bitter gobyerno tamah ..!
2860,pbida lgi leni paawa effect
498,salamat suporta esports bam start gamers
2107,daming pinagawa marcos pinagbebenta aquino kamag anak
655,hero john amores lampa cry babies benilde players
1874,pagpag
2711,nanay lenlen pla masisiraan ulo tuluyan hay kasunod issue lods
2163,tama ayaw umunlad pinas
2527,ayaw full disclosure bill mas maharlika fund confidential fund
1437,indorser
2612,magmukhng makamasa nilalaro nmn tau lenlen
2678,epokrita
2915,kakampekpek dyan wag kayo umasa manalo manok
2838,paawa nman lenlenwla kadala dala
678,bbm sarah solid
2013,halata nman pinklawan atat tahimik supporters pbbm
1135,tama kailan titigil
1219,ahahahahha triggered
1121,nong sinabi per kilo bigas naniwala lenlen bus ayaw maniwala
143,senador patuloy sana tulong supporta gaming
444,proud akong ipaglaban bbm nanalo
25,supporter thank supporting esports community
928,fyi tumulong tnc dota players kuku armel gabbi tims maka punta ti9
2807,answer plastic gadon
1307,hala itinatago leni
2181,pakitng tao plastic
2928,marcos magnanakaw
2895,house bill 6398 !!! even trust government run henchmen dishonest pricks
246,nasayang solid bbm
2212,puro plastic bbm
919,forever kakampink
2172,nagbabakasyon ibang bansa tapos bubus
363,morning mark merry christmas
314,hail yehe
686,enters kayamanan tatay madaling makuha madala dto bansa maitulong nasa mahihirap
1172,pinklawan atat atatsila
715,tamang
2398,kagagawan side cory yellow evil binabawian cla inuunti unti sunod nyan naniniwala yellow evil advance rip
1098,project ata
1733,hahahahahhahha shuta mhie
2959,kaloka
1824,kasing pinipilit kunwari maka masa ops wag kayong magalit hehe wala akong sinasabi
2015,kya mahirap tlga magtiwala sknya dhil pakitang tao plagi galawang dilawan
2289,tanga tanga
1761,1v1 boss
1510,auq grabe silaa
1713,dati nakakainis cla natatawa nlng
2703,kaputanginahan
2412,audacity
2583,publicity inuulit mamatay adawa yun balak tumakbo naka anib dilaw naku tama
2660,taga mars
521,amindao bambina maganda economy nuongbtume prrd bumaba pandemic .... salamat bam umamin maayos pamalakad prrd
2786,ganon papansin
719,bbm president
1548,nakakamis nanay pang memes
208,wala saysay maliwanag tunay bayani bayan marcos
1581,minions
1956,len len ksp
775,hindi kaylan tsaka matalino tao andali paalisin pwesto papalpak sure gugustuhin pbbm fail
974,mabuhay bam !!!!
1838,atty !!!!!
13,salamat napakagandang video
1203,mapagpaimbabaw
1836,maybe got lost translation
2437,magkikita kapatid hudas
606,strategy magaling
1050,nakuha muka
2115,hehehe tama hindi yata pilipino
1184,oky kaniila lods
2024,nilalaro taong bayan
2687,never rin
2418,slmat nwala sure purgatory
895,agree sayo
500,thanks aquino
714,yes ipagbunye
854,forever pink
575,thank supporting esports bam lodicakes sobrang kita support guro knowing malaki rin support esports
2702,pinktae
906,shawe nadali kakie
1470,pnoy wala namang pandemya naisip linisin manila bay
2515,showbiz showbiz
1931,aapply cla cook carpenter mason farmer boto cla professional
2806,kaloka
1811,unahin emosyon reading comprehension bow
2351,ngparinig nman malapit election
651,proud proud anak
1689,sana
543,bam aquino author free tuition state university
2144,lutang paren
2279,fake news poisoned
1089,sagot pesos
1875,haha tsaka mostly 31m bomoto mahihirap cla narin nagsabi elite cla mayayaman
1572,yes buti
2638,salbahe tlga lugaw ibagsak nia bansa natin
2971,fake news carried haters kakampinks spread fools kakampinks accepted idiot kakampinks
340,gun salute binibigay head state
2842,matatalinong tao silang uto uto
106,love song much !!!!! kinda song start yourr day beautiful
925,nice gamer
2704,non sense content
1717,clean good
1221,tour sabay bus uwi
1639,dismiss dibah
1316,kumukuha simpatya tao gagamitin nnmn pagkamatay pnoy maka kuha simpatya gaya ama pinoy
323,jusko bam nasa timing nasa bear market global market naka discount
1809,31m nka taas kamay
2633,showbiz showbiz
529,agree sayo
1955,gangs new york style brawl popcorn
62,gun salute binibigay head state
2425,answer bobo
1848,wahahhahahah
954,thanks bam good job
2511,kaputanginahan
2658,puro paganda dyansa nagsimula paghihirap nang pinas sinisisi bagong president nahirapan ibangon lugmok
855,started like nkita yun support nmimigay hoodie tshirt bbm sara pocket plus courage
313,thanks bam good job
1500,ans canned goods
2385,nio mauuto pilipino kakaganyan nio bbmsa2022
914,wah basta bam tama kya filed last 2016 dont invalidate governments action
2505,pic tpos post
1256,ciang tunay kapatid pakitang tao yang lelen
2108,repair sakalam
1678,sakit tao pilitin patakbuhin political gain
1151,kampanya congress nagcocommute ending picture taking pla pra sabihing nasa laylayan
1986,early campaign strategy
650,"magdiwang ,,,"
2864,lutang maka move
771,nanlibre
1946,kaawaan
2341,dilawabubu
2247,dilaws sinabi enrile pineke assasination maniwala dilaws sinungaling yang enrile
1976,masama magbus sariling sasakyan
1052,manood man hindi movie toni pbmm rin president
2176,susunnod kris pamilya bise pres
1756,tahimik ngalang nabuking mupa
1532,smb
70,tama lods tao nagkakamali hindi perpektong tao
713,bbm sakalam maharlika
1182,artista
873,love mritess
52,!.. galing
788,hangcute bam
1489,joke napadaan cla jan tpos picture sbay post tpos alis agd kng bus dami picture kumakalat
469,tama nagkakamali diyos nagpapatawad
131,mas magaling ekonimista cong sandro nlng mali
2363,bye bye joma
2606,pic tpos post
2744,sakit tiyan tawa caption bagay bagay matsing
499,best xmas gift ever hehehe
742,magandan xmas gift
635,thanks bam supporting filipino players
1220,twin brother aquino
2428,basta inisyal pangalan dalawang matigas ulo
1818,hands see taning
267,tama bam aquino pera miyembro
179,"piro matuturin amoris ,,, dpat boy rin"
501,salamat tigil ninyong pagsubaybay maam leni anak
2161,mukha pinag sinabi kanta bagong pilipinas bagong mukha hindi apilido marcos duterte mukha naba aplido ngayun
2190,hesus maria jose !!!
1313,gising taong bayan pekeng edsa revolution daming naloko nyang alyansang .... naku wag
321,hail yehe
395,bam esports !!!!!!
1335,sama niyo next time beke nemen
2630,years namuno dilawan nahubaran maskara d30 nagawa tulay ilog
2011,tama nauuso yun cancel culture created pinklawan
2034,panggap
2329,lol trying bring wla pang year upo sigi hila bbm paninira wla magawadi maka move
813,bbm sakalam maharlika
2235,sayang tlaga nabudol
2964,prank mama lenlen
882,salamat senator bam aquino
2479,!!!!! dami tawa dto grabe nmn ayaw magsisuko !!! itulog pbbmvpsara sakalam
2675,tunay magnanakaw mfa aquino
1352,face reveal
1559,answer pesos sana mapili pandagdag need nang babys
2783,bad timing nasa pwesto peru nasa pwesto wla namang
1057,leko
795,namamasko
2553,omg embarassing shet
841,gwapo kasai papa gabi
1923,mapag usapan
2874,president acting
2564,wag muna turoan talo olit
2237,oto2 hindi marunong panday
2050,puro plastic bbm
2989,utang loob
1693,bata wala nang maniniwala sainyo
1804,nang mgcollege pnganay mgksama mliit apartment asawa ank kht binibgyan cla pnsmantalang bahay pnoy dat tym ayaw jessie
902,mahigpit yakap forever kakampink
1127,silang matalak kayang isigaw oust bbm dati nagmura prrd oust duterte agad
680,nakataas kamay paa nakataas saya !!!
337,miss kita kuya
2893,patay jan tuwad daan kabarilan boss
2629,crocs
1928,"pamasahe europa papuntang maynila naka bus ???, best actres ???"
144,proud proud anak
1743,nalinlang match
2676,kupal leni
1280,buti sana single captain
2750,maybe babayad utang marcos sinabi historians kakautang lalo binabayaran utang although
1367,tapos daming paruparo pagbaba bussabay labas rainbow
764,wala bang car dba galing vacation abroad tapos bus
2888,kris tatakbo pagka bise presidente hirap yatang maglakad jusko atska malakas hinanghina
1419,aleksyon tama
2914,answer bobo
1104,anay
975,31m silent smile trust bbm maharlika
2219,"tao ,.."
1859,wala lenlen
344,stock prices low atm therefore best time invest
1571,nagkatotoo ?????
1844,hoy
1332,bam aquino
1812,reflect tuloy boto magic hahhaa hangin
156,agree bro
583,big check
2381,pakitang tao
889,salamat tigil ninyong pagsubaybay maam leni anak
1556,apaw apaw tao ......... sisisihin true
2059,boy pagpag
1283,content wala trabaho ?!?
2930,hay nku bias nnmn
1944,matagal tagal nang wala trono taning ninoy corykong nakaupo dun
462,tama kayu
154,efficient always
137,tumpak
1758,bam tara duo
105,hindi pensioner directly investable pera yang gsis etc ayun ipapasok hindi contribution tao
2098,nakakatawa tsaka judge tapos term dmi namng salot banda kontrabida
1427,atty case
728,tama taong tapat mapagkakatiwalaan
1227,answerelection
2635,mark nasa loob garapon nakakulong kaluluwa makalabas
1989,aligaligon
281,true buti natalo
1855,bus comp dun sumasakay
1067,napunta galman nakakulong mabuksan uli kaso nayan
2609,maniniwala dugo iniiyak
1161,clang pinklawan
39,leaning towards youth halos support bam
1644,aantay donation lods
269,bbm president
2901,yang bilog kasama riyan utang marcos ganyan cge bbm utang trillon
2640,naku lulubog nanaman crisis
2261,nagminatay nmn gani kris dadamay
2256,hayaan pahirapan susunod maglakad nalang
234,gud dsy take gud care god bless
389,basta gumaganda bansa ngayun pbbn
2197,hangin muna subra pakyaw
2565,pbida lgi leni paawa effect
2282,bata minulat samin teacher nmin elementary marcos nagpapatay aquino hnd
434,best xmas gift ever hehehe
1679,kita matagumpay bam aquino alam natin
2055,parepareho nmn dilawan
2992,bumoto rin marcos rin sangayon pakialaman pundo
402,far know bam natulong problema visa pinoy players international esports
1541,pinklawan asar talo
2567,corruption pakitang tao dilawan
2478,sos
1962,bam nasa likuran kita kanina
2853,drama arte
2246,kayong bumangga pader sara du30
1055,totoo lacson inuna sabihan unang salita
1659,omsim
2506,maharlika wealth fund
2847,pumasok politika tas binaril kalang erport
1992,maalala tao electionhang aga
1905,yeh
1884,nagtago
1555,wag maingay mahuli naglalaro jackenpoy
958,agree
1826,totoo patay sison
185,kmusta mark
1525,loko palitan tanung impatso
2265,anak artistang hinahangaan milat sapul teen ager seniors akalain ganyan ugali napakabait nnay
805,nice piece legislation nakikinabang hindi batas wlang pkinabang madla pagpalit pangalan naia
1101,trying hard pdin till
419,amindao bambina maganda economy nuongbtume prrd bumaba pandemic .... salamat bam umamin maayos pamalakad prrd
638,magandan xmas gift
396,best tlga bam naka supportive esports team player lalo international game
2558,lutang mana nanay lenlen nia ....
29,senator bam lets !!!!
9,ninoy hero true filipino love country much sacrificed life like rizal martyrdom
559,masyang masaya
114,mabuhay pilipinas
448,bam aquino author free tuition state university
967,fan senator bam thank supporting community
1628,photo ops ferson
1997,normal leni
2290,wala hulog sagot laging nililiko sagot tanong
944,totoo convicted criminal liability already served payment penalty
2620,bobo
1264,madaling hulaan presidente binoto pramis hahahahahahahahahahaha kennat
1199,basta anti natitulungan
809,idol kaso ayaw nang lawyer pera pera
423,airport mnl naga mnl daraga albay daraga naga takes 4hrs mas komportable bus
619,mark keep safe always god bless
1138,potek walastik
2797,malakas nagkakasakit nang hihina bat malakas tandem
110,god bless maam leni family
1049,pbbm mahilig manuod movie
1995,tas inday sara kalaban
2643,bawasan uulan ampalaya lul
2266,never pinklawan
561,thank sports advocate bam
2730,pinklawan sigaw sigaw tallano gold kaming 31m supporter pbbm chilax
493,fan senator bam thank supporting community
2809,timawa yang pinklawan
2726,pra kaawaan ulit
1027,2028 election
17,tama kayu
58,thank support ing community god bless
1776,dala kampanya nyan luma len len
599,investible funds gsis kukunin hindi mismong pension mas right timing iinvest perang bear timing
2625,beb wag silang idemand magresearch nagpaupo presidente nang naghihistorical fact check hahahahahahahahahahahahahahahahahahaha
661,natural secretary dep pinapaalalahan amores wag pabayaan padin aaral
1794,salamat pader
1498,banat buy .....
2940,balik kna gabby sana
601,tamang
1497,300 greyz miron
2997,tapos nanaman mahihirap kawawa nanaman mahihirap lalo yong meyembro !!!!!!!!!!
991,correct
1064,pao attorney iyan
1932,mayaman nmn
1105,busline
665,thank bam
1425,hahahahahaha
877,senador patuloy sana tulong supporta gaming
776,!.. galing
1077,kanta muna guys tanim bro pukpok nakayuko magpintura makatayo maghalo nalang hapon
802,jan napa follow
2642,mas naniniwala kame dating enrille kesa pinklawan
1478,hinahon casters host viewers andon kayo
266,shawe nadali kakie
1261,tigil politics tapos election tumulong pababain inflation action puro daldal
1016,napakagwapo gabby pinagpalit kiko
825,looking young handsome bam aquino
1116,lenis campaign manager bam aquino
585,former bam aquino naghehelp man esport players natin makasecure visa compete internationally
820,idol mark musta naic cavite
2000,malayo eleksyon lutang
1361,unexpected
1481,enjoy game bam sayo nakapag berlin championship valorant team salamat supporta simula dota hanghang
6,president maam leni love poh ingat palage god bless
277,agree bro
141,mabuhay bam !!!!
2056,naku wag namang sumanib lutang
210,thank send bam dota esports wwlang kupas supports
746,nice
2984,dilawan hindi rin maka move
2517,sinabi dami dami mahal sibuyas binaboy kasal
1878,npa parinno permanent address
2475,words pakitang tao
513,loyalista marcos loyalista marcosduterte ilocos region
2364,mostly revised copy paste pinirmahan panot galing dating senador baj pati nakaw dilawan
590,game
615,wow bagets datingan
697,love mritess
2185,ganda jwk lodi bka aabot 2028
2410,timawa yang pinklawan
515,bsta kmi mulat mata nmin
2848,scrificial lamb ninoy taning buhay pra mtupad plano oligarchs
1700,pessos
550,true
1328,pakitang gilas 2023 goes lugaw
2977,bawasan uulan ampalaya lul
1455,grabe nanay nindo garo man ini ono
1152,magbigay trade mark aquino nagawa
374,nasayang solid bbm
1563,madramahon manay
112,yey !!!
926,ipinapakita safe magtravel pinas prrd pbbm
2293,simpatya malapit eleksyon alam
2798,kala acting sagot
2732,plastic nanay len2 hehehe
2452,jusmiyo !!!
674,anjan nanaman idol
556,wala saysay maliwanag tunay bayani bayan marcos
404,natin patawarin ibang lahi kababayan natin long live inday sara
2917,mayayabang mark maraming sinasabi silang ayaw lumayas pilipinas elite
2766,boss ilaban malasap uli pagkatalo
503,tama
1674,nagpapatay ninoy kadugo
2775,hypokrita
593,nasayang solid bbm
2218,sinisi nanamn bam jusq andaming kumuwestiyon isisi nlng kabila
481,korek
798,dyusko gwapo bam aquino
2666,kaylan oknapaka bitter iyak nlang matagal2 mka pasok
625,korek kuya mark nagtataka gingawa nakaupo dami kontra kaloka wala silang magawa puro kontra hays
295,salamat
1810,tatalino lads dami tawa 31m
863,idol nice see
1274,kampanya
2395,bro answer question deym
2911,bubu
1916,moreno escort ninoy bumaril nasa hagdanan plang binaril
744,thank bam making possible esports players
1718,kala butters sorry senador
634,always supporting esports thanks bam
551,thank bam super appreciated suporta ninyo esports
2002,trying hard
2969,realtalk papasin parang mar
900,tama idol pang laylayan
1522,pesos love kind food
807,shawe nadali kakie
1001,nakapag aral libre duterte
2216,ipagpahinga kalusugan kris papatayin yta kapinklawan
71,matalino nakaka intindi sara tao deserve 2nd chance perfect tao
109,bbmsolid
2870,nauuto
386,aral matalino wala nang mauuto npa house
2663,mahal gas bus naghihirap len len
2277,wala jomasison kapalit galamay
1336,maagang pamasko congress pabor mif tik 2million bbm
2724,mar hind marunong humawak nang martilyo
2987,fake letters
1015,patay tiyuhin ipagdasal kaluluwa idinikit pulitika
159,agree
288,toni gonzaha wla siniraan toni
2466,eepek
1415,one martial law year though
2420,nilalaro taong bayan
2390,dont tolerate wrong
1043,canned goods hoping praying mapili maraming slamat negosyo
146,nanlibre
1414,bigay leni bbm yrs ingat guyz parang sanib pwersa cla july
1879,palaa
662,thank support ing community god bless
2897,nagpapahalata iyakin 5yrs ayy
2894,tama gloria
2708,kangkongan kayo
896,thank supporting mlbb teams bam
1342,ahahahahagahahahahahahahahahahahahahahahahahaahahahahahahahahahahahahaha bambam aquino pota
1899,pinatulan
1927,nagkatotoo omg
535,good riddance
95,hope get
2491,basta inisyal pangalan dalawang matigas ulo
2027,pinagsasabi pinklawan pinklawsn yellow tards mana mananslo
2669,tapos nanaman mahihirap kawawa nanaman mahihirap lalo yong meyembro !!!!!!!!!!
196,hayaan bsta tau proud loyalist
1447,meeting tagal
2829,dalawang aquino pres binuksan kaso tpos puro sisi marcos kapal mukha aquino
2820,plastic nanay len2 hehehe
2156,sayang
1702,manalamin muna riza makikita cno tlg
1587,alam binaboy batas katotohanan mayayaman batas
1097,court appeals decision masunod
309,bbm sara solid
260,hail yehe
832,thanks bam good job
1072,kakandidato ata ulit sbi open rin cia election
923,agree
1263,ibigsabihin hindi kilala oldies
265,idol
333,always supporting esports thanks bam
133,pahinga nalang
1002,blackpink ready love reaction
1483,hahahahahahahahahahhaahahahaahahaaha
1707,binoto namen buong family bbm kxo dhl kmi nsa abroad ofw kng parents nmn matanda pamangkin nmn mhlig muvi panu
241,confirm wathdraw manny president antay kayo salute manny hari boxing
372,nakataas kamay paa nakataas saya !!!
2061,baby fuentes bambu oil
2343,publicity tawag dyn hehe
1305,iiyakan dyan pension funds samantalang matagal ginagamit pera hindi alam
2401,galawang dilawan mar uminum tubig plato
2605,mas naniniwala kame dating enrille kesa pinklawan
371,love kayo
2480,basta malapit saba malapit eleksyon pakitang tao mulat tao ngaun
2187,lol trying bring wla pang year upo sigi hila bbm paninira wla magawadi maka move
2804,kala mark tahimik
868,jusko bam nasa timing nasa bear market global market naka discount
2118,dreams ....
2492,best ever tatay asawa cory nalaman bayan pumatay namatay best yun
1472,wla kasing ibang magawa pagkaabalahan
2953,nalugaw
407,gwapo kasai papa gabi
2291,desperate
2720,hinuhuli nah
237,best christmas gift
845,bbm sarah solid
1648,magandang sakyan tong issue nato popogi nxt election
2405,answer corrupt
1262,sesh
514,aral matalino wala nang mauuto npa house
42,pogi mark
614,love kayo
1482,wait bam crowd blacklist
2701,dreaming
2654,"shock mark ,,,"
518,dol umaasa sayo charot
1198,sana pagkawala tuloyan bumalik tahimik pinas
1634,plastic nanay lenlen huag padala
75,wla mgbabago bbm tlga mgbabago
2514,bus wal akong pakialam mamalen len
273,pogi mark
2116,answer corrupt
1297,pambili goyard pambili plane ticket
1343,alam news napa search tuloy
748,gun salute binibigay head state
1643,cno master mind dios alam
1602,tama padir
51,gabby nagmana pati kabaitan suplado
2789,kya mahirap tlga magtiwala sknya dhil pakitang tao plagi galawang dilawan
2206,pangit lbms google greatest thief world
1142,tunay nmn mapapatanong sana pinaayus mnlng daanan nyang lugar mapapamura
2025,kawawa
1381,bbm
1235,puso nanay madaming pagkakamali anak tutulungan tuturuan maka bangon
1036,atty easy
2721,katandem pelikula ata
2916,buhay payang dami uto sana konin demonyo kase tao
2792,pakitang tao
1784,case dismissed
1179,like post silbe nawa kase
2673,maharlika wealth fund
2159,dilawan hindi rin maka move
656,idol kaso ayaw nang lawyer pera pera
1347,sure
1461,fav team
2446,mahal gas bus naghihirap len len
2614,kailan timing bam hindi naipush dati
2737,answer tanga
552,support bbm
1565,reunion party kse cla
2929,wla finish ganyan mangyayari
2485,sip2
842,gamer bam malakas sumuporta esports
978,bam fight ipag manindidigan gayahin nonoy
1846,legit 102percent
2424,paganyan mapunta sakanila credit ....
1504,bambam natagpuang nanilbihan gobyerno
1963,gadon
1282,comment bat nasa davos dawn lol
1605,naubos siguro budget europe trip
2439,sanay mgbuss 12hr ngrereklamo sko pera plain nsko leny pskitang tao ysn
1887,10k nnmn
2223,lol adik
2411,gawain taong mapagpanggap
1394,pinaka malaking nagastos eleksyon imposibleng wala xang natanggap sponsor npa
1434,misfire nangyari ninoy madiin macoy tao pumutok kamali iming
425,amindao bambina maganda economy nuongbtume prrd bumaba pandemic .... salamat bam umamin maayos pamalakad prrd
69,best xmas gift ever
1286,panu ipapasa kaalyado dati kasama pansinin kaalyado gagawa nang batas hirap mapasa
2122,plastic kotse ordinary ong tao
2573,corrupt tamaba
1671,mom
2309,answer magnanakaw
1296,pesos negosyo
777,bam .... galing mlbb fan
1326,siladaw
153,real talk
1034,pumayat bam paramg tumaas balikat
2220,pakita muka magnanakaw marcos karmahin sana
181,tumpak
723,timing bam tama
563,salamat suporta esports bam start gamers
970,pahumble
835,man dilawan appreciate apperance like suportado esport specially
2047,fake news poisoned
653,saya sayasa jollibee magaalmusal mmya work
14,never nagsisi binoto marcos umpisa palang bet yang lenii
2371,sakit kris jusko
1188,hheheheheheh daming pink meron car .... pahiramin ninyo
2689,xempre papansin
373,mabuhay pilipinas
2153,nyeh
2400,kagagawan niyan alam ninoy mamamatay
577,grabe mark realtalk
2819,paipal
411,true agree parang magic yong kauupo solve agad problema pinas
996,anjan nanaman idol
1341,pang sstraw content
2407,corruption pakitang tao dilawan
524,namamasko
947,namamasko
2950,mute academic kaso nkatakbo ibinoto million kna umasa atty taeh balik law school majority
1925,ocfemianapansin naghanap movie toni puro nasa directors club almst tiket pano makakapanood masa
1237,sagota pesos
2773,plastic ...... pakitang tao .....
1857,ngang ordenaryong tao samasasakyan kotse sasakay kisa bus
2164,kurap
2200,alam boong pilipinas kalidad money wag
1513,tapos presidenteq
2320,jusme magpahinga nalang kalusugan wag pasukin yun mapapadali lalo stress buhay
774,wow supporting sports thank
2376,nanaylenlen
574,morning mark merry christmas
18,wow bagets datingan
1374,alam dis
1040,katapat niyan
1757,yes !!!!
701,thank sports advocate bam
695,matagal nang solid supporter bam aquino esports community
2294,hindi alam magkano pamasahe
2258,pretender
140,leni cge nlng presidente
2319,legit lutang
1259,shempre drama fun kuya nmn
2746,mapanalo
1950,anu ngaun masasabi bam kpag explanation gagamitin unlike ngaun alam alam natin gagamitin
681,forever kakampink
437,usapang esports solid bam
1603,omg senator bam ggwp
2426,legit tol palitan taning
1475,300 hoping
2230,nanay lenlen wag kaming 32million
1557,nkasunod car bus
536,supporter
506,big check
516,tama idol
1033,pain ninoy total taning buhay alm cory alam ayan magppnalo
598,hayaan bsta tau proud loyalist
412,solid bbm
2924,monster gun salute
1399,bambam aquino realquick
2755,spokesperson nia liar rin
54,idol kaso ayaw nang lawyer pera pera
445,toni gonzaha wla siniraan toni
1650,lokohin nman kakampink milyonaryo
936,advocate bam esports important propagation esports scenes
2114,nasapian nanaman nanaman alam nanay lenlen
1568,akala aquino bambam1a
1084,house house kayo ulit election
38,thumbs idol
1462,madaya
367,true
1346,nman lge tallano gold
709,sumakay bus mananalo susunod eleksyon
1895,inaway mark
332,proudforever kakampink solid leni
2615,wala hulog sagot laging nililiko sagot tanong
433,love kayo
170,bbm president
2358,kababayan gagamitin dilawanang pagkamatay aquino sana matuto pilipino
2374,praning
1496,maniwala dala signatures bags
422,galing joke
96,nice one lods
2194,burn hell nagawa
1834,publicity kunwari maka masa taz election papakita nararamdaman nararamdaman nakakarami pinoy
1118,yesd
1385,magpasa nalang law tandaan bam wag wag tatakbong presidente magiging joke bansa
1870,ready love
539,love song much !!!!! kinda song start yourr day beautiful
2427,kampon tlaga unang naniniwala knya lutang
2588,dilawan tactics since 1965
2180,magpaalam kayo dilawan tapos
2661,hnd
1930,nagpapasikat
2607,election kasinungalinan
489,hindi kaylan tsaka matalino tao andali paalisin pwesto papalpak sure gugustuhin pbbm fail
731,gun salute binibigay head state
2198,dalawang aquino pres binuksan kaso tpos puro sisi marcos kapal mukha aquino
1460,delikado taning bka mapalitan puesto
963,salamat suporta esports bam start gamers
2179,wag boboto
2532,fake
2313,kaloka nde maloloko plastik
2,guapo
1463,hehehe nireready 5yrs hintayin
2814,nagpapatawa len len ordinaryong tao makabili plane ticket len len 10h bus ride
637,gud dsy take gud care god bless
216,tama maharlika fund
2808,yong binoto bmm dhil gold tita akala bibiro meron nman kombinsi knya iboto bbm
413,nice piece legislation nakikinabang hindi batas wlang pkinabang madla pagpalit pangalan naia
2796,magkikita kapatid hudas
1872,gs2 ata magtry bumyahi bus hindi ginagamit car
78,galing joke
667,supporting esports bam
2007,paawa nman lenlenwla kadala dala
282,best christmas gift ever
2221,sos
1404,nagpapicture
2464,baby fuentes bambu oil
1889,experience aktibista
2512,pangit lbms google greatest thief world
1279,forda post ata resibo next election
2244,ituloy yubg maharlika pondohan gamit estate tax illgotten wealth tallano gold marcos
2503,uumpisa nman madumb
1493,answer artista
934,aral matalino wala nang mauuto npa house
1421,nio ohh
2649,gagawing talk show game show pinas
305,looking young handsome bam aquino
302,dota teams palang suportado senator bam aquino player basta esports malapit
2260,nalang bahay umuulan lakad nakatapak
2459,yong binoto bmm dhil gold tita akala bibiro meron nman kombinsi knya iboto bbm
560,sipag
2465,rest hell
1276,nanay cristy
2800,nalugaw
297,better source frm various funds safeguard stronger
949,idol
957,love mritess
2604,nonsense aquino
1604,brutality
1964,100percent
2021,aabot 2028
1299,debate
2415,kailan lalayas
1966,syang tunay mahirap paniwalaan wala man nanalo
1236,sinubukan !!!
475,nanalo bbm kaloob diyos mabuti syang puso totoo hindi mapag imbabaw
229,idol
1881,lopangu
2438,answeracting nasa shooting taong nasa litrato
2951,hindi magtatagumpay
754,salamat tapos mundo
2349,pasikat kamo
147,thank supporting esports bam lodicakes sobrang kita support guro knowing malaki rin support esports
2883,mapag pangap
1940,cno secretary
1216,bot vvm emz nakakahiya
1206,bagong pelikula nmn flop movies
1560,pinipilit prrd hindi bagay
1162,mema ganurn
1380,kayong mamatay lenlen siguro mind praise weak leader take note digong nagsabi nyan kuya
1683,hindi binoto leni robredo ganitong istilo peace
2442,wow gagaling pakitang tao
1837,aliw basa basa muna
57,bigyan bonos yarn
455,dhil ngang great macoy kya dhil pmarcos nman gagawa ngyung mging great pilipinas
1990,panu nasusundan phil star grocery pati punta ibalita
2903,puro nlang kayo edit kawawa nlang kayo
2582,bad sasabihin dasurv
1,wow bagets datingan
315,duterte sakalam tunay malasakit
2679,kano bayad sayo ???
98,astig bam
1113,see
2019,magaling tlaga dilawan mambwisit
1845,indelible ink dpat finger point kanan kamay tama correct wrong salamat
2040,mapagpanggap 101 makasarili 101
1534,sinu leader niyan
2723,boss minions bbm sarah solid boss shout taytay
1349,????
2818,bida bida tlaga tong len len paawa effect
2846,xempre papansin
883,gang huli bbm
1527,sikat bbm importante sknila
2138,ginwa tpos naulit second chances
2520,natatanga sakanila totoo
811,liwanag dilim
446,yes maharlika fund
838,nasayang solid bbm
2344,maka move bitter
2674,trot sobrang plstic lutangars
2979,natatanga sakanila totoo
2592,gumagala yun dami kasalanan
659,forever pink
2896,dilawan pink never wal kayong mabubudol
1959,ewan dyn ndi nmn toni binoto 31m pbbm binoto nmin ndi toni
977,miss kita kuya
2102,ayoko dilawan ....
2300,nagsimula nagpapa veda making things messed recent panis
1250,kasama lods
221,additional info senator bam pinakadahilan wala tayong binabayaran tuition college sana maka nood mpl live huhu
2348,hay naku wala bang
2193,ngparinig nman malapit election
1991,pano makanood mpl
157,nku wag awayin dilawan pong dilawan close pbbm ngaun
2133,drama queen
2556,puro paganda dyansa nagsimula paghihirap nang pinas sinisisi bagong president nahirapan ibangon lugmok
165,bam kayo nalang magpaganda tournament stage mpl hahahahaha
495,bam kaisa senador sumusuporta esports dota2 days naka support
876,yehey
1823,tka mura tangkay maliit
1996,vegan
547,shawe nadali kakie
150,bbm sara win
190,agree sayo
1301,asan 10k
88,best actor
987,thank bam
1273,rank
2547,president acting
311,tama lod umaasa
2586,hay lalong dagdag pension kikita gsis
2975,kababayan gagamitin dilawanang pagkamatay aquino sana matuto pilipino
2771,alam kng anu dilawan pink pangampanya laang
318,sinab ing road trip bus idol
199,nice piece legislation nakikinabang hindi batas wlang pkinabang madla pagpalit pangalan naia
610,thank supporting mlbb scene
995,good riddance
430,yehey
1554,minahal asan cla ngaun
1890,masama batas militar baket nilagay parin 1987constitution
2590,mark nasa loob garapon nakakulong kaluluwa makalabas
1392,ordinaryong tao private car patawa manang len len
831,tama lods bsta cla
1431,mahal toni nanonood sine busy work kasama 31m
291,nice nice
1329,kritiko yang atorfee tagal
1093,course tgay bahay
1994,kuya reaction video ready love
2128,hipokrita pakitang tao earth maghintay bus hindi sakayan
1726,220 pampanga rally sagot nmn pampanga police70
132,galing tunay followers esports followers thanks bam
1355,1ksp
1799,pesos
2768,pulls escort sasalakay babaril wala syang aksyon imbistigahan
600,natin patawarin ibang lahi kababayan natin long live inday sara
1322,korek ngabpag umuwi bicol gamit sariling sasakyan ordinaryong tao hindi mayaman
2725,jusko
330,tamoh !!!!
1441,statement duterte ehh
833,tama lodz
2571,wla kotse kampanya early mama lenlen
103,bbmsolid
2770,makapiling tatay masi kriminal naka kulong
1445,31m fund tutal unity
280,wala saysay maliwanag tunay bayani bayan marcos
1323,tumama lodz
2569,pano magrush bills involved pera
65,ganda lalaki
692,better source frm various funds safeguard stronger
1847,sige matapos yang kakamping komonistang ccp npa ndf !!! mabuti tumahimit bansa !!!
2174,hay naku wala bang
2408,patay jan tuwad daan kabarilan boss
2589,nalang bahay umuulan lakad nakatapak
1781,buhay lolo lola cuneta nuon ganun sayang kakie dna naabutan ata yun
1937,walastik
1593,anong gawin len len khit tricycle manila bicol buti pandesal palaman
308,honorable people indeed put full trust
175,hnd ppyagan lord pamunuan puso takot dios
1715,binabalak gawin duterte administration
2695,kikilos camera
2171,aabot
1047,koto
794,mas mas magaling hihintay 2022 dun nalang pipili
432,matagal nang solid supporter bam aquino esports community
909,wla mgbabago bbm tlga mgbabago
350,fan thank supporting community
808,right timing pbbm president maraming investor nagtitiwala knya dala pbbm lakas knyang ama fpfm
20,bam tara rank pinaka lodi senator
454,never nagsisi binoto marcos umpisa palang bet yang lenii
87,korek
2841,jusko pagpahingahin pinks mamahinga haha
763,grabe mark realtalk
2210,galit galit marcos suporta parin bam mamamatay tao pamilya double standards
415,idol shout nman bsta pbbm sakalam
2671,sure aalma hinayupak pulangaw buti sana pulangaw retirees makukuhanan pera maharlika fund
1468,150
2134,best magdebate tignan natin sense
2372,hayop
1742,try tumakbo bicol manila
2028,great pretender lol
1265,blck game bam
1160,aku big yes
449,thank support ing community god bless
955,tama kau
485,slamat bam
2790,asawa nman ninoy nagpapatay
1795,kadaya pinanood blck char isama next watch
2972,nako magka std joke
470,aral matalino wala nang mauuto npa house
1413,aga botante
1861,answer dinakamiutouto
1166,wala
368,!.. galing
2152,try angkas lenlen 1day ride wahahhah
1775,plastic tuwing kampanyahan makikita gaganyan
198,tam jan lods
2698,issue matagal samagiot deley ata dating
2825,bidabida
525,tama lodz
2986,tadtarin bala double dead
2104,mahalaga taumbayan nagawa adminastrasyong aquino puro paninira galit tinuturo taumbayan
2803,words pakitang tao
2208,palastic
1466,atty mang
1988,basta wait explanation mama ekonomista
306,since day esports advocate bam
101,thnk lord
